Category,gpt-4-1106-preview
MEASURE,0.7714285714285715
ROMAN,0.7804878048780488
FRACTION,0.95
TIME,0.85
DATE,0.12460063897763578
ORDINAL,0.5
MONEY,0.4
LETTERS,0.6706586826347305
DECIMAL,0.8
CARDINAL,0.679324894514768
global_metrics,0.5041237113402062
