{"t0.0_r3": 0.014358974358974359, "t0.0_r2": 0.014358974358974359, "t0.0_r1": 0.014358974358974359, "t0.5_r3": 0.012307692307692308, "t0.5_r2": 0.010256410256410256, "t0.5_r1": 0.01641025641025641, "t1.0_r3": 0.011282051282051283, "t1.0_r2": 0.011282051282051283, "t1.0_r1": 0.011282051282051283}