{"t0.0_r3": 0.676923076923077, "t0.0_r2": 0.6205128205128205, "t0.0_r1": 0.47794871794871796}